Player,Position,Team,Age,Matches Played,Games Started,Minutes,Minutes Per90,Goals,Goals Per90,Assists,Assists Per90,Goals\Assists,Goals\Assists Per90,Penalty Attempted,Penalty Goals,Non-Penalty Goals,Non-Penalty Goals Per90,Yellow Cards,Red Cards,Fouls Commited,Fouls Drawn,Offsides,Crosses,Interceptions,Tackles Won
Nouh Mohamed El Abd,DF,Mauritania,22,2,2,180,2,0,0,0,0,0,0,0,0,0,0,1,0,3,5,0,1,1,1
Yunis Abdelhamid,DF,Morocco,35,1,1,90,1,0,0,0,0,0,0,0,0,0,0,0,0,1,0,0,0,1,1
Mohamed Abdelmoneim,DF,Egypt,23,4,4,390,4.3,0,0,0,0,0,0,0,0,0,0,1,0,2,4,0,0,5,2
Ali Abdi,DF,Tunisia,29,2,2,180,2,0,0,1,0.5,1,0.5,0,0,0,0,0,0,1,3,0,7,2,3
Salis Abdul Samed,MF,Ghana,22,3,2,182,2,0,0,1,0.49,1,0.49,0,0,0,0,1,0,5,2,0,0,4,2
Aly Abeid,DF,Mauritania,25,2,2,135,1.5,0,0,0,0,0,0,0,0,0,0,1,0,3,1,0,4,2,3
Vincent Aboubakar,FW,Cameroon,31,1,0,14,0.2,0,0,0,0,0,0,0,0,0,0,0,0,0,1,0,0,0,0
Ahmed Aboul-Fotouh,DF,Egypt,24,2,2,90,1,0,0,0,0,0,0,0,0,0,0,0,0,2,2,0,1,2,0
Morice Abraham,MF,Tanzania,19,3,0,82,0.9,0,0,0,0,0,0,0,0,0,0,0,0,1,3,0,1,1,0
Elias Achouri,"FW,MF",Tunisia,23,3,3,227,2.5,0,0,0,0,0,0,0,0,0,0,0,0,5,2,2,5,0,2
Ebou Adams,MF,Gambia,27,1,1,44,0.5,0,0,0,0,0,0,0,0,0,0,0,1,0,1,0,0,0,0
Jayden Adams,MF,South Africa,21,2,0,31,0.3,0,0,0,0,0,0,0,0,0,0,0,0,1,2,0,0,0,0
Simon Adingra,FW,Côte d'Ivoire,21,5,2,268,3,1,0.34,2,0.67,3,1.01,0,0,1,0.34,0,0,4,7,2,19,1,4
Amine Adli,FW,Morocco,22,4,1,142,1.6,0,0,1,0.63,1,0.63,0,0,0,0,1,0,4,2,1,4,0,0
Nayef Aguerd,DF,Morocco,26,4,4,360,4,0,0,0,0,0,0,0,0,0,0,0,0,2,2,0,1,3,4
Ola Aina,"MF,DF",Nigeria,26,7,7,651,7.2,0,0,0,0,0,0,0,0,0,0,2,0,7,9,0,19,5,10
Rayan Aït Nouri,DF,Algeria,21,3,3,270,3,0,0,0,0,0,0,0,0,0,0,0,0,7,8,0,6,2,3
Semi Ajayi,DF,Nigeria,29,7,7,660,7.3,0,0,0,0,0,0,0,0,0,0,1,0,7,2,1,2,7,6
Carlos Akapo,DF,Equ. Guinea,29,4,4,349,3.9,0,0,1,0.26,1,0.26,0,0,0,0,0,0,5,1,0,2,5,4
Alfonso,MF,Mozambique,23,3,3,228,2.5,0,0,0,0,0,0,0,0,0,0,0,0,2,3,0,0,4,3
Tarryn Allarakhia,FW,Tanzania,25,1,1,37,0.4,0,0,0,0,0,0,0,0,0,0,0,0,0,0,0,0,0,0
Mohamed Aly Camara,DF,Guinea,25,1,1,90,1,0,0,0,0,0,0,0,0,0,0,0,0,0,1,0,0,0,2
Amadú,MF,Mozambique,26,1,0,10,0.1,0,0,0,0,0,0,0,0,0,0,0,0,1,0,0,0,0,0
Selim Amallah,MF,Morocco,26,3,3,193,2.1,0,0,0,0,0,0,0,0,0,0,1,0,7,2,0,0,0,1
Daniel Amartey,"DF,MF",Ghana,28,1,0,19,0.2,0,0,0,0,0,0,0,0,0,0,0,0,2,0,0,0,0,0
Mohamed El Amine Amoura,FW,Algeria,22,2,1,113,1.3,0,0,0,0,0,0,0,0,0,0,1,0,2,3,1,4,0,1
Mohamed Amine Tougai,DF,Algeria,23,1,1,90,1,0,0,0,0,0,0,0,0,0,0,0,0,2,2,0,0,0,0
Sofyan Amrabat,MF,Morocco,26,4,4,359,4,0,0,0,0,0,0,0,0,0,0,1,1,8,4,0,2,4,4
Kennedy Amutenya,DF,Namibia,27,4,4,329,3.7,0,0,0,0,0,0,0,0,0,0,0,0,4,1,0,1,5,4
Patrick Andrade,MF,Cape Verde,29,2,1,125,1.4,0,0,0,0,0,0,0,0,0,0,0,0,2,1,0,0,0,3
Souleymane Anne,FW,Mauritania,25,3,2,212,2.4,0,0,0,0,0,0,0,0,0,0,0,0,7,7,2,0,0,3
José Antonio Miranda,MF,Equ. Guinea,24,2,2,134,1.5,1,0.67,0,0,1,0.67,0,0,1,0.67,1,0,4,8,0,2,0,2
Houssem Aouar,MF,Algeria,24,2,1,56,0.6,0,0,0,0,0,0,0,0,0,0,0,0,1,1,0,0,0,0
Oswin Appollis,MF,South Africa,21,1,0,33,0.4,0,0,0,0,0,0,0,0,0,0,0,0,0,0,0,2,0,1
Joe Aribo,MF,Nigeria,26,5,1,112,1.2,0,0,0,0,0,0,0,0,0,0,0,0,0,1,0,1,0,1
Majeed Ashimeru,MF,Ghana,25,3,3,183,2,0,0,0,0,0,0,0,0,0,0,1,0,2,1,0,0,4,1
Emam Ashour,MF,Egypt,24,3,2,193,2.1,0,0,0,0,0,0,0,0,0,0,0,0,3,4,0,3,4,4
Youcef Atal,DF,Algeria,26,3,3,250,2.8,0,0,0,0,0,0,0,0,0,0,1,0,3,9,0,2,4,3
Marwan Attia,MF,Egypt,24,3,2,173,1.9,0,0,0,0,0,0,0,0,0,0,1,0,4,0,0,1,4,4
Yahya Attiat Allah,DF,Morocco,27,2,1,105,1.2,0,0,0,0,0,0,0,0,0,0,0,0,0,1,0,4,2,1
Loide Augusto,DF,Angola,22,1,1,77,0.9,0,0,0,0,0,0,0,0,0,0,0,0,2,0,0,1,0,0
Serge Aurier,DF,Côte d'Ivoire,30,5,4,345,3.8,0,0,0,0,0,0,0,0,0,0,3,0,7,2,1,13,2,3
Chidozie Awaziem,"DF,MF",Nigeria,26,1,0,1,0,0,0,0,0,0,0,0,0,0,0,0,0,0,0,0,0,0,0
André Ayew,"FW,MF",Ghana,33,2,0,74,0.8,0,0,0,0,0,0,0,0,0,0,1,0,3,0,0,0,0,1
Jordan Ayew,MF,Ghana,31,3,3,269,3,2,0.67,1,0.33,3,1,2,2,0,0,1,0,9,13,1,16,0,3
Stephane Aziz Ki,MF,Burkina Faso,26,3,2,176,2,0,0,0,0,0,0,0,0,0,0,0,0,4,6,1,8,1,0
El-Hadji Ba,MF,Mauritania,29,2,0,44,0.5,0,0,0,0,0,0,0,0,0,0,0,0,1,0,0,0,0,0
Lamine Ba,DF,Mauritania,25,4,4,336,3.7,0,0,0,0,0,0,0,0,0,0,1,0,2,0,0,0,4,1
Iddrisu Baba,MF,Ghana,27,3,1,173,1.9,0,0,0,0,0,0,0,0,0,0,2,0,8,1,0,1,0,2
Ibrahim Bacca,DF,Tanzania,25,3,3,270,3,0,0,0,0,0,0,0,0,0,0,0,0,1,3,0,0,2,4
Muhammed Badamosi,FW,Gambia,24,2,0,44,0.5,0,0,0,0,0,0,0,0,0,0,0,0,2,1,0,0,0,0
Cédric Badolo,MF,Burkina Faso,24,4,2,169,1.9,0,0,0,0,0,0,0,0,0,0,1,0,3,0,0,7,1,0
Cédric Bakambu,FW,Congo DR,31,7,5,370,4.1,0,0,1,0.24,1,0.24,1,0,0,0,0,0,13,6,1,1,1,0
Alex Balboa,MF,Equ. Guinea,21,2,0,22,0.2,0,0,0,0,0,0,0,0,0,0,1,0,1,0,0,1,0,0
Fodé Ballo-Touré,DF,Senegal,26,1,0,3,0,0,0,0,0,0,0,0,0,0,0,0,0,0,0,0,0,1,1
Jonathan Bamba,FW,Côte d'Ivoire,26,3,1,95,1.1,0,0,0,0,0,0,0,0,0,0,0,0,0,2,0,2,0,1
Emmanuel Banda,MF,Zambia,25,3,3,270,3,0,0,0,0,0,0,0,0,0,0,1,0,2,3,0,8,1,1
Lameck Banda,"MF,FW",Zambia,22,3,2,191,2.1,0,0,0,0,0,0,0,0,0,0,1,0,5,6,1,4,0,2
Hassane Bandé,"FW,MF",Burkina Faso,24,2,0,8,0.1,0,0,0,0,0,0,0,0,0,0,0,0,0,1,0,0,0,0
Mamady Bangré,MF,Burkina Faso,21,1,1,45,0.5,0,0,0,0,0,0,0,0,0,0,0,0,0,0,0,0,0,0
Sacha Banse,MF,Burkina Faso,21,2,0,25,0.3,0,0,0,0,0,0,0,0,0,0,0,0,0,0,0,0,0,1
Simon Banza,FW,Congo DR,26,5,1,184,2,0,0,0,0,0,0,0,0,0,0,0,0,3,8,0,0,0,0
Musa Barrow,"MF,FW",Gambia,24,3,3,270,3,0,0,0,0,0,0,0,0,0,0,1,0,3,3,0,14,0,0
Hamza Barry,MF,Gambia,28,2,0,54,0.6,0,0,0,0,0,0,0,0,0,0,0,0,1,0,0,0,0,0
Calvin Bassey,DF,Nigeria,23,7,6,578,6.4,0,0,1,0.16,1,0.16,0,0,0,0,2,0,7,6,0,8,3,13
Dylan Batubinsika,DF,Congo DR,26,4,3,289,3.2,0,0,0,0,0,0,0,0,0,0,1,0,2,0,0,0,3,0
Clésio Baúque,"FW,MF",Mozambique,28,1,0,45,0.5,1,2,0,0,1,2,0,0,1,2,0,0,0,1,0,0,1,0
Brian Bayeye,DF,Congo DR,22,1,1,90,1,0,0,0,0,0,0,0,0,0,0,0,0,0,1,0,6,0,0
Bebé,FW,Cape Verde,32,4,3,250,2.8,1,0.36,0,0,1,0.36,0,0,1,0.36,0,0,4,3,1,3,1,0
Jérémie Bela,"DF,FW",Angola,29,3,0,53,0.6,0,0,0,0,0,0,0,0,0,0,0,0,1,2,0,4,2,0
Youcef Belaïli,"MF,FW",Algeria,30,3,2,168,1.9,0,0,1,0.54,1,0.54,0,0,0,0,1,0,2,5,0,17,0,2
Bechir Ben Said,GK,Tunisia,30,3,3,270,3,0,0,0,0,0,0,0,0,0,0,0,0,0,1,0,0,0,0
Anis Ben Slimane,"MF,FW",Tunisia,21,3,3,227,2.5,0,0,0,0,0,0,0,0,0,0,0,0,5,4,2,9,2,0
Gilson Benchimol,FW,Cape Verde,21,5,1,125,1.4,1,0.72,1,0.72,2,1.44,0,0,1,0.72,0,0,5,2,2,0,0,1
Ismaël Bennacer,MF,Algeria,25,1,1,79,0.9,0,0,0,0,0,0,0,0,0,0,1,0,1,0,0,2,0,1
Ramy Bensebaini,DF,Algeria,27,2,2,180,2,0,0,0,0,0,0,0,0,0,0,2,0,3,4,0,0,5,1
Nabil Bentaleb,MF,Algeria,28,3,2,180,2,0,0,0,0,0,0,0,0,0,0,1,0,2,1,0,2,2,2
Benzema,MF,Equ. Guinea,22,3,0,29,0.3,0,0,0,0,0,0,0,0,0,0,1,0,1,0,0,1,0,0
Dimitry Bertaud,GK,Congo DR,24,1,1,90,1,0,0,0,0,0,0,0,0,0,0,0,0,0,0,0,0,0,0
Janio Bikel,MF,Guinea-Bissau,27,3,3,270,3,0,0,0,0,0,0,0,0,0,0,0,0,3,0,0,1,1,2
Federico Bikoro,MF,Equ. Guinea,26,4,4,324,3.6,0,0,0,0,0,0,0,0,0,0,1,1,6,7,0,0,2,3
Yves Bissouma,MF,Mali,26,4,2,185,2.1,0,0,0,0,0,0,0,0,0,0,0,0,2,2,0,1,2,5
Yusupha Bobb,MF,Gambia,26,1,1,68,0.8,0,0,0,0,0,0,0,0,0,0,0,0,0,0,0,0,0,0
Mouhsine Bodda,MF,Mauritania,25,3,3,270,3,0,0,0,0,0,0,0,0,0,0,1,0,7,7,0,6,0,2
Jeremie Boga,FW,Côte d'Ivoire,26,4,2,183,2,0,0,0,0,0,0,0,0,0,0,0,0,0,1,1,15,0,1
Willy Boly,DF,Côte d'Ivoire,31,4,2,262,2.9,0,0,0,0,0,0,0,0,0,0,1,0,6,1,0,0,2,4
João Bonde,MF,Mozambique,26,1,0,4,0,0,0,0,0,0,0,0,0,0,0,0,0,0,0,0,0,0,0
Theo Bongonda,MF,Congo DR,27,6,5,421,4.7,0,0,0,0,0,0,0,0,0,0,1,0,6,10,0,11,0,3
Hicham Boudaoui,MF,Algeria,23,1,1,61,0.7,0,0,0,0,0,0,0,0,0,0,0,0,0,1,1,0,1,0
Sofiane Boufal,FW,Morocco,29,3,2,140,1.6,0,0,0,0,0,0,0,0,0,0,0,0,4,3,1,4,0,2
Sidi Bouna Amar,"MF,FW",Mauritania,24,4,3,260,2.9,1,0.35,0,0,1,0.35,0,0,1,0.35,0,0,0,6,0,4,0,6
Baghdad Bounedjah,FW,Algeria,31,3,3,246,2.7,3,1.1,0,0,3,1.1,0,0,3,1.1,1,0,4,3,3,2,0,1
Yassine Bounou,GK,Morocco,31,4,4,360,4,0,0,0,0,0,0,0,0,0,0,0,0,0,1,0,0,0,0
Jonathan Buatu Mananga,DF,Angola,29,4,4,360,4,0,0,0,0,0,0,0,0,0,0,0,0,7,2,0,0,3,3
Osman Bukari,"FW,MF",Ghana,24,2,0,17,0.2,0,0,0,0,0,0,0,0,0,0,0,0,0,0,0,2,1,1
Larry Bwalya,MF,Zambia,27,1,0,1,0,0,0,0,0,0,0,0,0,0,0,0,0,0,0,0,0,0,1
Jovane Cabral,"FW,MF",Cape Verde,24,4,4,327,3.6,0,0,0,0,0,0,0,0,0,0,1,0,8,8,2,3,2,6
Aguibou Camara,"MF,FW",Guinea,21,5,5,450,5,1,0.2,0,0,1,0.2,0,0,1,0.2,0,0,14,8,1,20,6,5
Bakari Camara,MF,Mauritania,29,1,0,10,0.1,0,0,0,0,0,0,0,0,0,0,0,0,0,0,0,0,0,0
Lamine Camara,MF,Senegal,19,3,3,265,2.9,2,0.68,0,0,2,0.68,0,0,2,0.68,2,0,9,4,0,7,2,2
Mohamed Camara,MF,Mali,23,2,1,112,1.2,0,0,0,0,0,0,0,0,0,0,0,0,3,4,0,0,2,2
Fali Candé,DF,Guinea-Bissau,25,3,2,191,2.1,0,0,0,0,0,0,0,0,0,0,0,0,3,2,1,17,2,0
Tó Carneiro,DF,Angola,27,3,3,270,3,0,0,0,0,0,0,0,0,0,0,0,0,2,6,0,5,6,1
Moreto Cassamã,MF,Guinea-Bissau,24,2,2,129,1.4,0,0,0,0,0,0,0,0,0,0,1,0,2,4,0,4,1,2
Jean-Charles Castelletto,DF,Cameroon,28,4,4,360,4,1,0.25,0,0,1,0.25,0,0,1,0.25,1,0,4,1,0,13,5,5
Geny Catamo,"MF,FW",Mozambique,22,2,2,180,2,1,0.5,1,0.5,2,1,1,1,0,0,1,0,2,8,0,9,1,2
Assan Ceesay,"FW,MF",Gambia,28,2,0,26,0.3,0,0,1,3.46,1,3.46,0,0,0,0,0,0,2,1,0,0,0,0
Fares Chaïbi,MF,Algeria,20,2,1,107,1.2,0,0,0,0,0,0,0,0,0,0,0,0,0,0,0,12,0,0
Miguel Chaiwa,MF,Zambia,18,2,1,94,1,0,0,0,0,0,0,0,0,0,0,0,0,1,2,0,1,1,2
Clatous Chama,MF,Zambia,31,2,0,23,0.3,0,0,1,3.91,1,3.91,0,0,0,0,0,0,0,2,0,1,0,0
Djibril Cheick Ouattara,FW,Burkina Faso,23,2,0,51,0.6,0,0,0,0,0,0,0,0,0,0,0,0,0,1,1,1,0,0
Yassin Cheikh Elwely,MF,Mauritania,24,1,0,11,0.1,0,0,0,0,0,0,0,0,0,0,0,0,0,1,0,1,0,0
Benedict Chepeshi,DF,Zambia,26,1,1,86,1,0,0,0,0,0,0,0,0,0,0,0,0,1,1,0,4,1,2
Mohamed Chibi,DF,Morocco,30,2,2,180,2,0,0,0,0,0,0,0,0,0,0,1,0,1,2,0,5,3,0
Edward Chilufya,MF,Zambia,23,2,1,74,0.8,0,0,0,0,0,0,0,0,0,0,0,0,4,0,0,0,1,1
Samuel Chukwueze,FW,Nigeria,23,5,3,285,3.2,0,0,0,0,0,0,0,0,0,0,0,0,3,4,2,10,0,0
Pathé Ciss,MF,Senegal,28,2,0,34,0.4,0,0,0,0,0,0,0,0,0,0,0,0,1,0,0,0,1,2
Karim Cissé,MF,Guinea,18,1,0,13,0.1,0,0,0,0,0,0,0,0,0,0,0,0,0,1,0,0,0,1
Seydouba Cissé,MF,Guinea,21,1,0,18,0.2,0,0,0,0,0,0,0,0,0,0,0,0,0,1,0,2,0,0
Saúl Coco,DF,Equ. Guinea,23,4,4,360,4,0,0,0,0,0,0,0,0,0,0,0,0,1,4,0,0,2,3
Ebrima Colley,MF,Gambia,22,2,1,78,0.9,1,1.15,0,0,1,1.15,0,0,1,1.15,0,0,0,3,0,3,0,0
Omar Colley,DF,Gambia,30,3,3,248,2.8,0,0,0,0,0,0,0,0,0,0,0,0,3,2,0,0,5,1
Antoine Conte,DF,Guinea,29,4,2,125,1.4,0,0,0,0,0,0,0,0,0,0,1,0,7,1,0,0,1,1
Facinet Conte,MF,Guinea,17,4,1,158,1.8,0,0,0,0,0,0,0,0,0,0,2,0,4,3,1,1,0,1
Logan Costa,DF,Cape Verde,21,5,5,480,5.3,0,0,0,0,0,0,0,0,0,0,0,0,2,1,0,3,5,5
Lassana Coulibaly,MF,Mali,26,4,3,284,3.2,0,0,0,0,0,0,0,0,0,0,2,0,15,2,0,1,2,4
Cuca,MF,Cape Verde,32,2,0,27,0.3,0,0,0,0,0,0,0,0,0,0,0,0,0,0,0,0,1,1
Patson Daka,FW,Zambia,24,3,3,270,3,1,0.33,1,0.33,2,0.67,0,0,1,0.33,0,0,7,3,2,0,0,1
Dálcio,MF,Guinea-Bissau,26,3,1,107,1.2,0,0,1,0.84,1,0.84,0,0,0,0,0,0,1,8,0,1,1,2
Amadou Dante,DF,Mali,22,1,0,23,0.3,0,0,0,0,0,0,0,0,0,0,0,0,0,0,0,2,0,0
Ebrima Darboe,MF,Gambia,21,2,2,143,1.6,0,0,0,0,0,0,0,0,0,0,0,0,4,2,0,1,0,3
Issoufou Dayo,DF,Burkina Faso,31,4,4,360,4,0,0,0,0,0,0,0,0,0,0,0,0,3,0,2,0,5,0
Mohamed Dellah Yaly,DF,Mauritania,25,2,1,91,1,1,0.99,0,0,1,0.99,0,0,1,0.99,0,0,1,0,0,0,0,2
Kibu Denisi,MF,Tanzania,24,2,1,80,0.9,0,0,0,0,0,0,0,0,0,0,0,0,0,2,1,0,0,1
Fousseni Diabaté,MF,Mali,27,5,1,190,2.1,0,0,0,0,0,0,0,0,0,0,0,0,6,5,0,11,1,2
Mouctar Diakhaby,DF,Guinea,26,4,4,360,4,0,0,0,0,0,0,0,0,0,0,1,0,6,1,0,1,4,2
Ibrahim Diakité,DF,Guinea,19,5,3,325,3.6,0,0,1,0.28,1,0.28,0,0,0,0,1,0,4,10,0,13,0,3
Oumar Diakité,"MF,FW",Côte d'Ivoire,19,5,2,226,2.5,1,0.4,0,0,1,0.4,0,0,1,0.4,2,1,14,4,0,13,2,4
Abdou Diallo,DF,Senegal,26,3,3,264,2.9,0,0,0,0,0,0,0,0,0,0,2,0,6,2,0,0,1,2
Habib Diallo,FW,Senegal,27,4,4,290,3.2,2,0.62,0,0,2,0.62,0,0,2,0.62,1,0,5,3,1,0,2,0
Grady Diangana,MF,Congo DR,24,2,1,83,0.9,0,0,0,0,0,0,0,0,0,0,0,0,3,0,0,4,1,0
Djigui Diarra,GK,Mali,27,5,5,480,5.3,0,0,0,0,0,0,0,0,0,0,0,0,0,2,0,0,0,0
Moussa Diarra,DF,Mali,22,1,1,67,0.7,0,0,0,0,0,0,0,0,0,0,0,0,3,1,0,0,1,1
Krépin Diatta,"MF,DF",Senegal,23,4,4,390,4.3,0,0,1,0.23,1,0.23,0,0,0,0,1,0,5,6,0,13,2,8
Khadim Diaw,DF,Mauritania,24,3,2,225,2.5,0,0,1,0.4,1,0.4,0,0,0,0,0,0,2,1,0,5,4,5
Amadou Diawara,MF,Guinea,25,4,3,252,2.8,0,0,0,0,0,0,0,0,0,0,1,0,3,1,0,0,3,5
Aliou Dieng,MF,Mali,25,2,2,144,1.6,0,0,0,0,0,0,0,0,0,0,0,0,4,1,0,0,0,3
Bamba Dieng,FW,Senegal,22,1,0,3,0,0,0,0,0,0,0,0,0,0,0,0,0,0,0,0,0,0,0
Diney,DF,Cape Verde,28,1,1,90,1,0,0,0,0,0,0,0,0,0,0,0,0,0,0,0,0,2,2
Ousmane Diomande,DF,Côte d'Ivoire,19,2,2,166,1.8,0,0,0,0,0,0,0,0,0,0,0,0,2,6,0,0,1,0
Novatus Dismas,MF,Tanzania,20,2,2,159,1.8,0,0,0,0,0,0,0,0,0,0,2,1,2,0,0,5,2,2
Marcelo Djaló,DF,Guinea-Bissau,29,2,2,180,2,0,0,0,0,0,0,0,0,0,0,0,0,0,0,0,0,1,2
Nasser Djiga,DF,Burkina Faso,20,1,0,7,0.1,0,0,0,0,0,0,0,0,0,0,1,0,1,0,0,0,0,0
Alexander Djiku,DF,Ghana,28,3,3,270,3,1,0.33,0,0,1,0.33,0,0,1,0.33,2,0,2,3,0,0,6,0
Ouparine Djoco,GK,Guinea-Bissau,24,2,2,180,2,0,0,0,0,0,0,0,0,0,0,0,0,0,1,0,0,0,0
Franculino Djú,FW,Guinea-Bissau,18,3,1,145,1.6,0,0,0,0,0,0,0,0,0,0,0,0,2,3,3,1,0,1
Domingues,MF,Mozambique,39,3,1,108,1.2,0,0,0,0,0,0,0,0,0,0,0,0,1,5,1,6,0,1
Dominique,GK,Angola,28,2,1,161,1.8,0,0,0,0,0,0,0,0,0,0,0,0,0,0,0,0,0,0
Nene Dorgeles,MF,Mali,20,4,1,173,1.9,1,0.52,0,0,1,0.52,0,0,1,0.52,0,0,4,6,1,5,2,1
Souleymane Doukara,"FW,MF",Mauritania,31,1,0,32,0.4,0,0,0,0,0,0,0,0,0,0,0,0,0,0,0,0,0,0
Idrissa Doumbia,MF,Côte d'Ivoire,24,1,0,1,0,0,0,0,0,0,0,0,0,0,0,0,0,0,0,0,0,0,0
Kamory Doumbia,MF,Mali,19,5,4,389,4.3,0,0,2,0.46,2,0.46,0,0,0,0,0,0,10,5,0,10,2,7
Deroy Duarte,MF,Cape Verde,23,3,3,216,2.4,0,0,1,0.42,1,0.42,0,0,0,0,1,0,4,2,0,1,4,4
Laros Duarte,MF,Cape Verde,25,2,0,42,0.5,0,0,0,0,0,0,0,0,0,0,0,0,2,0,0,0,0,1
Eddie,DF,Angola,28,5,4,360,4,0,0,0,0,0,0,0,0,0,0,0,0,3,1,0,4,5,5
Noé Ela,FW,Equ. Guinea,19,1,0,7,0.1,0,0,0,0,0,0,0,0,0,0,0,0,2,0,0,0,1,0
Meschak Elia,MF,Congo DR,25,7,3,394,4.4,1,0.23,1,0.23,2,0.46,0,0,1,0.23,0,0,4,5,1,28,2,3
Mohamed Elneny,MF,Egypt,30,3,3,255,2.8,0,0,0,0,0,0,0,0,0,0,0,0,1,4,0,0,1,2
Youssef En-Nesyri,FW,Morocco,25,3,3,249,2.8,1,0.36,0,0,1,0.36,0,0,1,0.36,0,0,3,2,1,0,0,1
Jefferson Encada,DF,Guinea-Bissau,24,2,2,180,2,0,0,0,0,0,0,0,0,0,0,0,0,2,0,0,3,1,3
Ernani,GK,Mozambique,24,2,2,180,2,0,0,0,0,0,0,0,0,0,0,0,0,0,0,0,0,0,0
Esteban,DF,Equ. Guinea,24,4,4,360,4,0,0,0,0,0,0,0,0,0,0,0,0,1,1,0,0,5,2
Estrela,MF,Angola,27,4,3,159,1.8,0,0,0,0,0,0,0,0,0,0,0,0,5,3,0,0,2,1
Abdessamad Ezzalzouli,FW,Morocco,21,4,2,188,2.1,0,0,0,0,0,0,0,0,0,0,0,0,3,4,1,4,1,2
Alieu Fadera,MF,Gambia,21,3,1,99,1.1,0,0,1,0.91,1,0.91,0,0,0,0,1,0,5,3,1,3,2,4
Mostafa Fathi,MF,Egypt,27,3,0,85,0.9,0,0,0,0,0,0,0,0,0,0,0,0,1,0,0,6,0,2
Hamdy Fathy,MF,Egypt,28,4,4,324,3.6,0,0,0,0,0,0,0,0,0,0,1,0,11,5,0,1,5,6
Sofiane Feghouli,MF,Algeria,33,1,1,45,0.5,0,0,0,0,0,0,0,0,0,0,0,0,1,1,0,0,0,0
Guessouma Fofana,MF,Mauritania,30,4,2,200,2.2,0,0,1,0.45,1,0.45,0,0,0,0,0,0,3,1,0,1,1,3
Mamadou Fofana,"DF,MF",Mali,25,2,0,33,0.4,0,0,0,0,0,0,0,0,0,0,0,0,1,0,0,0,0,0
Seko Fofana,"MF,FW",Côte d'Ivoire,27,7,7,615,6.8,1,0.15,1,0.15,2,0.29,0,0,1,0.15,1,0,7,10,0,4,3,3
Yahia Fofana,GK,Côte d'Ivoire,22,7,7,690,7.7,0,0,0,0,0,0,0,0,0,0,1,0,0,2,0,0,1,0
Núrio Fortuna,DF,Angola,27,2,2,180,2,0,0,0,0,0,0,0,0,0,0,2,0,5,3,0,0,2,0
Fredy,MF,Angola,32,5,5,382,4.2,0,0,3,0.71,3,0.71,0,0,0,0,0,0,7,11,1,27,3,7
Gabaski,GK,Egypt,34,2,1,121,1.3,0,0,0,0,0,0,0,0,0,0,0,0,0,0,0,0,0,0
Edmilson Gabriel Dove,DF,Mozambique,28,2,2,180,2,0,0,0,0,0,0,0,0,0,0,0,0,0,2,0,1,0,1
Idrissa Gana Gueye,MF,Senegal,33,3,0,71,0.8,0,0,1,1.27,1,1.27,0,0,0,0,0,0,1,1,0,0,2,4
Pablo Ganet,MF,Equ. Guinea,28,4,4,320,3.6,1,0.28,1,0.28,2,0.56,0,0,1,0.28,0,0,8,5,0,8,1,2
Zinho Gano,FW,Guinea-Bissau,29,1,1,45,0.5,0,0,0,0,0,0,0,0,0,0,0,0,1,0,0,0,0,0
Gaspar,DF,Angola,25,5,5,450,5,0,0,0,0,0,0,0,0,0,0,1,0,3,3,0,1,9,3
Omare Gassama,MF,Mauritania,27,4,4,304,3.4,0,0,0,0,0,0,0,0,0,0,1,0,8,9,0,0,7,8
Baboucarr Gaye,GK,Gambia,24,3,3,270,3,0,0,0,0,0,0,0,0,0,0,0,0,0,0,0,0,0,0
Ananias Gebhardt,DF,Namibia,34,1,0,31,0.3,0,0,0,0,0,0,0,0,0,0,0,0,0,0,0,0,0,0
Gelson,"FW,MF",Angola,26,5,5,397,4.4,4,0.91,1,0.23,5,1.13,0,0,4,0.91,1,0,8,11,4,10,1,3
Gilberto,"FW,MF",Angola,21,4,4,268,3,1,0.34,0,0,1,0.34,0,0,1,0.34,0,0,3,6,0,10,1,0
Eulânio Ângelo Chipela Gomes,DF,Guinea-Bissau,28,1,1,79,0.9,0,0,0,0,0,0,0,0,0,0,0,0,0,0,0,2,0,0
Nito Gomes,MF,Guinea-Bissau,20,1,1,90,1,0,0,0,0,0,0,0,0,0,0,0,0,1,2,0,0,0,0
James Gomez,DF,Gambia,21,3,3,270,3,0,0,0,0,0,0,0,0,0,0,0,0,1,2,0,0,2,1
Oumar Gonzalez,DF,Cameroon,24,2,1,92,1,0,0,0,0,0,0,0,0,0,0,0,0,1,0,0,0,0,2
Max Gradel,"FW,MF",Côte d'Ivoire,35,5,4,300,3.3,0,0,1,0.3,1,0.3,0,0,0,0,0,0,9,12,0,21,0,0
Pape Gueye,"MF,DF",Senegal,24,3,3,238,2.6,1,0.38,0,0,1,0.38,0,0,1,0.38,0,0,2,4,0,0,1,2
Abdoul Guiebre,DF,Burkina Faso,25,1,1,75,0.8,0,0,0,0,0,0,0,0,0,0,0,0,1,1,0,1,1,2
Morgan Guilavogui,MF,Guinea,24,5,4,276,3.1,0,0,1,0.33,1,0.33,0,0,0,0,0,0,5,5,0,6,2,4
Ricardo Guimarães,MF,Mozambique,27,3,3,264,2.9,0,0,1,0.34,1,0.34,0,0,0,0,1,0,2,6,0,2,1,2
Adama Guira,MF,Burkina Faso,34,2,2,128,1.4,0,0,0,0,0,0,0,0,0,0,0,0,3,2,0,0,1,1
Serhou Guirassy,FW,Guinea,26,3,1,115,1.3,0,0,0,0,0,0,0,0,0,0,0,0,1,2,0,0,0,0
Amadou Haidara,MF,Mali,25,4,4,288,3.2,0,0,0,0,0,0,0,0,0,0,1,0,7,3,0,2,3,4
Achraf Hakimi,DF,Morocco,24,4,4,360,4,1,0.25,1,0.25,2,0.5,1,0,1,0.25,1,0,6,8,0,20,4,6
Sébastien Haller,FW,Côte d'Ivoire,28,4,2,299,3.3,2,0.6,0,0,2,0.6,0,0,2,0.6,0,0,5,5,1,0,0,1
Mahmoud Hamada,MF,Egypt,28,1,0,38,0.4,0,0,0,0,0,0,0,0,0,0,0,0,1,0,0,0,1,0
Charles Hambira,DF,Namibia,32,1,0,2,0,0,0,0,0,0,0,0,0,0,0,0,0,0,0,0,0,0,1
Mohamed Hamdy,DF,Egypt,27,4,2,276,3.1,0,0,0,0,0,0,0,0,0,0,2,1,5,4,0,19,5,5
Riaan Hanamub,DF,Namibia,27,4,4,360,4,0,0,0,0,0,0,0,0,0,0,0,0,3,12,0,30,1,5
Mohamed Hany,DF,Egypt,27,3,3,275,3.1,0,0,0,0,0,0,0,0,0,0,0,0,3,2,0,20,2,3
Denzil Haoseb,DF,Namibia,31,1,0,1,0,0,0,0,0,0,0,0,0,0,0,0,0,0,0,0,0,0,0
Amine Harit,"FW,MF",Morocco,25,3,0,52,0.6,0,0,0,0,0,0,0,0,0,0,0,0,0,1,0,5,0,0
El Hassen Houeibib,DF,Mauritania,29,2,1,113,1.3,0,0,0,0,0,0,0,0,0,0,0,0,0,1,0,0,2,3
Lubeni Haukongo,DF,Namibia,22,4,4,309,3.4,0,0,0,0,0,0,0,0,0,0,2,1,4,1,0,0,0,3
Ahmed Hegazi,DF,Egypt,32,4,4,390,4.3,0,0,1,0.23,1,0.23,0,0,0,0,1,0,3,3,1,1,4,5
Deon Hotto,MF,Namibia,32,4,4,360,4,1,0.25,0,0,1,0.25,0,0,1,0.25,1,0,4,9,2,28,3,2
Mohamed Husseini,DF,Tanzania,26,3,3,270,3,0,0,0,0,0,0,0,0,0,0,1,0,2,1,0,6,2,4
Pape Ibnou Bâ,FW,Mauritania,30,3,1,92,1,0,0,0,0,0,0,0,0,0,0,0,0,1,0,0,0,1,0
Edgar Ié,DF,Guinea-Bissau,28,1,1,90,1,0,0,0,0,0,0,0,0,0,0,0,0,0,1,0,0,2,0
Kelechi Iheanacho,"FW,MF",Nigeria,26,2,0,31,0.3,0,0,0,0,0,0,0,0,0,0,0,0,0,0,0,3,0,1
Absalom Iimbondi,MF,Namibia,31,4,2,219,2.4,0,0,0,0,0,0,0,0,0,0,1,0,3,1,0,9,1,5
Baka Inonga,DF,Congo DR,28,5,4,371,4.1,0,0,0,0,0,0,0,0,0,0,0,0,0,3,0,2,6,3
Ivane,GK,Mozambique,25,1,1,90,1,0,0,0,0,0,0,0,0,0,0,0,0,0,1,0,0,0,0
Alex Iwobi,MF,Nigeria,26,7,6,516,5.7,0,0,0,0,0,0,0,0,0,0,0,0,1,3,0,3,4,2
Nicolas Jackson,FW,Senegal,21,4,0,100,1.1,0,0,0,0,0,0,0,0,0,0,0,0,4,2,2,0,1,1
Ismail Jakobs,"MF,DF",Senegal,23,4,4,387,4.3,0,0,0,0,0,0,0,0,0,0,1,0,7,5,0,17,2,6
Ablie Jallow,MF,Gambia,24,2,2,173,1.9,1,0.52,0,0,1,0.52,0,0,1,0.52,1,0,3,4,0,6,1,1
Saidy Janko,DF,Gambia,27,2,2,180,2,0,0,0,0,0,0,0,0,0,0,0,0,2,1,0,0,1,1
Jannick,MF,Equ. Guinea,24,4,2,203,2.3,1,0.44,0,0,1,0.44,0,0,1,0.44,1,0,3,2,0,0,1,2
Seifeddine Jaziri,FW,Tunisia,29,2,1,72,0.8,0,0,0,0,0,0,0,0,0,0,1,0,2,4,0,2,0,0
Julian Jeanvier,DF,Guinea,30,4,4,360,4,0,0,0,0,0,0,0,0,0,0,2,0,5,4,0,0,1,1
Haythem Jouini,FW,Tunisia,29,2,0,97,1.1,0,0,0,0,0,0,0,0,0,0,0,0,1,2,1,0,0,0
Ayoub El Kaabi,FW,Morocco,29,4,1,115,1.3,0,0,0,0,0,0,0,0,0,0,0,0,3,1,0,0,0,1
Issa Kaboré,"DF,MF",Burkina Faso,21,4,4,360,4,0,0,0,0,0,0,0,0,0,0,0,0,4,8,1,19,2,7
Rodrick Kabwe,DF,Zambia,30,2,2,133,1.5,0,0,0,0,0,0,0,0,0,0,2,1,2,1,0,3,1,1
Kahraba,"FW,MF",Egypt,28,1,0,17,0.2,0,0,0,0,0,0,0,0,0,0,0,0,0,0,0,0,1,0
Gaël Kakuta,MF,Congo DR,31,4,4,264,2.9,0,0,0,0,0,0,0,0,0,0,0,0,4,3,0,10,0,1
Gedeon Kalulu,DF,Congo DR,25,6,6,570,6.3,0,0,0,0,0,0,0,0,0,0,1,0,18,5,0,17,4,11
Omar Kamal,DF,Egypt,29,3,1,136,1.5,0,0,0,0,0,0,0,0,0,0,0,0,2,2,0,11,0,4
François Kamano,MF,Guinea,26,3,1,57,0.6,0,0,0,0,0,0,0,0,0,0,0,1,1,2,0,1,0,0
Aboubakar Kamara,FW,Mauritania,27,4,1,93,1,0,0,0,0,0,0,0,0,0,0,0,0,1,2,2,3,0,2
Joslin Kamatuka,FW,Namibia,31,1,0,18,0.2,0,0,0,0,0,0,0,0,0,0,0,0,1,1,0,0,1,0
Uetuuru Kambato,MF,Namibia,25,1,0,21,0.2,0,0,0,0,0,0,0,0,0,0,0,0,1,0,0,2,0,0
Ivan Kamberipa,DF,Namibia,28,2,2,180,2,0,0,0,0,0,0,0,0,0,0,0,0,2,0,0,3,0,4
Kings Kangwa,MF,Zambia,23,3,2,184,2,1,0.49,0,0,1,0.49,0,0,1,0.49,0,0,2,5,1,5,0,2
José Kanté,"FW,MF",Guinea,32,2,0,7,0.1,0,0,0,0,0,0,0,0,0,0,0,0,0,0,0,0,0,0
Kelvin Kapumbu,MF,Zambia,26,2,2,135,1.5,0,0,0,0,0,0,0,0,0,0,0,0,0,1,0,0,0,1
Silas Katompa,MF,Congo DR,24,7,2,236,2.6,1,0.38,0,0,1,0.38,0,0,1,0.38,0,0,5,3,1,4,2,3
Ngero Katua,MF,Namibia,21,4,2,221,2.5,0,0,0,0,0,0,0,0,0,0,0,0,6,3,0,1,1,2
Joris Kayembe,DF,Congo DR,28,2,1,97,1.1,0,0,0,0,0,0,0,0,0,0,0,0,2,1,0,4,0,4
Loydt Kazapua,GK,Namibia,33,4,4,360,4,0,0,0,0,0,0,0,0,0,0,0,0,0,1,0,0,1,0
Wajdi Kechrida,DF,Tunisia,27,3,3,270,3,0,0,0,0,0,0,0,0,0,0,0,0,2,0,0,8,1,3
Ibrahima Keita,DF,Mauritania,21,4,4,349,3.9,0,0,0,0,0,0,0,0,0,0,1,0,4,8,0,9,3,10
Naby Keïta,MF,Guinea,27,4,2,178,2,0,0,0,0,0,0,0,0,0,0,0,0,2,1,0,2,1,4
Grant Kekana,DF,South Africa,30,5,5,504,5.6,0,0,0,0,0,0,0,0,0,0,1,1,4,2,0,1,3,3
Keliano,MF,Angola,20,3,0,54,0.6,0,0,0,0,0,0,0,0,0,0,0,0,2,1,0,0,0,3
Olivier Kemen,MF,Cameroon,26,3,2,185,2.1,0,0,0,0,0,0,0,0,0,0,1,0,4,3,0,3,0,1
Franck Kessié,MF,Côte d'Ivoire,26,7,6,618,6.9,2,0.29,1,0.15,3,0.44,1,1,1,0.15,0,0,11,18,0,6,7,7
Bilal El Khannouss,MF,Morocco,18,3,0,53,0.6,0,0,0,0,0,0,0,0,0,0,0,0,3,0,0,0,0,0
Lau King,FW,Mozambique,27,3,1,156,1.7,0,0,0,0,0,0,0,0,0,0,1,0,3,3,1,1,0,0
Kinito,DF,Angola,24,3,2,185,2.1,0,0,0,0,0,0,0,0,0,0,0,0,2,1,0,0,0,0
Hervé Koffi,GK,Burkina Faso,26,4,4,360,4,0,0,0,0,0,0,0,0,0,0,0,0,0,1,0,0,0,0
Aboubakary Koita,"FW,MF",Mauritania,24,4,4,351,3.9,1,0.26,0,0,1,0.26,0,0,1,0.26,1,0,4,11,0,9,3,4
Sekou Koita,FW,Mali,23,3,2,172,1.9,0,0,0,0,0,0,0,0,0,0,0,0,1,4,0,4,0,0
Koka,FW,Egypt,29,1,0,7,0.1,0,0,0,0,0,0,0,0,0,0,0,0,0,0,0,0,0,0
Ghislain Konan,DF,Côte d'Ivoire,27,7,7,652,7.2,0,0,0,0,0,0,0,0,0,0,0,0,8,8,0,18,3,11
Karim Konaté,FW,Côte d'Ivoire,18,3,0,62,0.7,0,0,0,0,0,0,0,0,0,0,0,0,3,1,0,0,0,0
Mohamed Konaté,FW,Burkina Faso,25,3,3,237,2.6,1,0.38,0,0,1,0.38,0,0,1,0.38,2,0,12,1,0,1,1,0
Mory Konaté,MF,Guinea,29,2,2,167,1.9,0,0,0,0,0,0,0,0,0,0,0,0,3,1,1,1,3,1
Ibrahim Koné,GK,Guinea,33,5,5,450,5,0,0,0,0,0,0,0,0,0,0,0,0,0,2,0,0,0,0
Ransford Königsdörffer,MF,Ghana,21,1,1,61,0.7,0,0,0,0,0,0,0,0,0,0,0,0,2,2,1,0,0,0
Odilon Kossonou,DF,Côte d'Ivoire,22,3,3,247,2.7,0,0,0,0,0,0,0,0,0,0,2,1,5,3,0,0,2,3
Christian Kouamé,FW,Côte d'Ivoire,25,4,3,217,2.4,0,0,0,0,0,0,0,0,0,0,3,0,4,1,3,1,0,1
Kalidou Koulibaly,DF,Senegal,31,4,4,390,4.3,0,0,0,0,0,0,0,0,0,0,0,0,5,2,0,0,0,3
Boubakar Kouyaté,DF,Mali,25,5,5,480,5.3,0,0,0,0,0,0,0,0,0,0,1,0,6,3,0,0,3,3
Cheikhou Kouyaté,"DF,MF",Senegal,33,1,0,20,0.2,0,0,0,0,0,0,0,0,0,0,0,0,0,0,0,0,0,3
Jean-Philippe Krasso,FW,Côte d'Ivoire,25,6,3,247,2.7,1,0.36,0,0,1,0.36,0,0,1,0.36,0,0,6,6,2,0,0,3
Aïssa Laïdouni,MF,Tunisia,26,3,2,225,2.5,0,0,0,0,0,0,0,0,0,0,1,0,3,9,0,1,0,6
Mohamed Lamine Bayo,FW,Guinea,24,5,4,380,4.2,3,0.71,0,0,3,0.71,1,1,2,0.47,0,0,3,3,1,3,0,1
Bruno Langa,"MF,DF",Mozambique,25,3,2,212,2.4,0,0,0,0,0,0,0,0,0,0,0,0,2,5,1,11,2,1
Mohanad Lasheen,MF,Egypt,26,1,0,9,0.1,0,0,0,0,0,0,0,0,0,0,0,0,0,1,0,0,1,0
Zakhele Lepasa,FW,South Africa,25,7,0,116,1.3,0,0,0,0,0,0,0,0,0,0,0,0,4,0,1,0,0,1
Ademola Lookman,FW,Nigeria,25,7,6,537,6,3,0.5,1,0.17,4,0.67,0,0,3,0.5,0,0,21,17,1,30,0,7
Sayfallah Ltaief,MF,Tunisia,22,3,0,50,0.6,0,0,0,0,0,0,0,0,0,0,0,0,1,1,0,3,0,1
Zito Luvumbo,FW,Angola,20,5,1,155,1.7,0,0,0,0,0,0,0,0,0,0,0,0,3,2,0,11,0,1
Charles M'Mombwa,FW,Tanzania,24,3,1,117,1.3,0,0,0,0,0,0,0,0,0,0,1,0,0,3,0,0,1,1
Ali Maâloul,DF,Tunisia,33,1,1,90,1,0,0,0,0,0,0,0,0,0,0,0,0,1,0,0,8,0,0
Mabululu,FW,Angola,33,5,4,389,4.3,3,0.69,0,0,3,0.69,1,1,2,0.46,2,0,3,5,3,1,0,2
Macandza,"MF,DF",Mozambique,24,2,2,167,1.9,0,0,1,0.54,1,0.54,0,0,0,0,0,0,4,0,0,9,2,1
Frank Magri,FW,Cameroon,23,4,4,325,3.6,1,0.28,0,0,1,0.28,0,0,1,0.28,1,0,10,6,0,8,1,2
Riyad Mahrez,"MF,FW",Algeria,31,3,2,208,2.3,0,0,0,0,0,0,0,0,0,0,0,0,2,4,0,7,1,2
Evidence Makgopa,FW,South Africa,22,7,7,584,6.5,1,0.15,1,0.15,2,0.31,0,0,1,0.15,0,0,10,6,4,5,0,2
Reinildo Mandava,DF,Mozambique,29,3,3,270,3,1,0.33,0,0,1,0.33,0,0,1,0.33,2,0,8,6,0,1,7,3
Aïssa Mandi,DF,Algeria,31,3,3,270,3,0,0,0,0,0,0,0,0,0,0,0,0,1,2,1,0,0,0
Anthony Mandrea,GK,Algeria,26,3,3,270,3,0,0,0,0,0,0,0,0,0,0,0,0,0,3,0,0,0,0
Carlos Mané,MF,Guinea-Bissau,28,2,1,71,0.8,0,0,0,0,0,0,0,0,0,0,0,0,2,1,0,2,0,2
Sadio Mané,FW,Senegal,30,4,4,390,4.3,1,0.23,3,0.69,4,0.92,0,0,1,0.23,1,0,6,12,3,5,1,1
Sori Mané,DF,Guinea-Bissau,26,1,1,90,1,0,0,0,0,0,0,0,0,0,0,0,0,1,1,0,1,1,0
Alasana Manneh,MF,Gambia,24,2,2,155,1.7,0,0,0,0,0,0,0,0,0,0,0,0,2,2,0,1,3,0
Aishi Manula,GK,Tanzania,27,3,3,270,3,0,0,0,0,0,0,0,0,0,0,0,0,0,2,0,0,0,0
Himid Mao,MF,Tanzania,30,3,3,229,2.5,0,0,0,0,0,0,0,0,0,0,1,0,4,2,0,0,3,0
Omar Marmoush,FW,Egypt,23,4,2,234,2.6,1,0.38,0,0,1,0.38,0,0,1,0.38,1,0,4,10,2,9,1,3
Marvin,DF,Equ. Guinea,25,1,0,11,0.1,0,0,0,0,0,0,0,0,0,0,0,0,0,0,0,0,0,0
Thapelo Maseko,MF,South Africa,19,5,1,203,2.3,1,0.44,0,0,1,0.44,0,0,1,0.44,0,0,2,9,2,5,1,0
Terrence Mashego,DF,South Africa,26,2,0,26,0.3,0,0,0,0,0,0,0,0,0,0,0,0,0,0,0,1,0,0
Arthur Masuaku,DF,Congo DR,29,6,6,570,6.3,1,0.16,0,0,1,0.16,0,0,1,0.16,1,0,5,8,0,54,2,9
Pape Matar Sarr,MF,Senegal,20,3,3,263,2.9,0,0,1,0.34,1,0.34,0,0,0,0,0,0,4,2,0,0,5,3
Mihlali Mayambela,MF,South Africa,26,5,1,198,2.2,0,0,0,0,0,0,0,0,0,0,0,0,2,2,0,3,1,0
Fiston Mayele,FW,Congo DR,28,4,1,139,1.5,0,0,0,0,0,0,0,0,0,0,0,0,1,2,0,0,0,0
Noussair Mazraoui,DF,Morocco,25,1,1,75,0.8,0,0,0,0,0,0,0,0,0,0,0,0,1,0,0,5,1,0
Chancel Mbemba,DF,Congo DR,28,7,7,660,7.3,1,0.14,0,0,1,0.14,0,0,1,0.14,2,0,1,7,0,1,6,4
Carlos Mendes Gomes,MF,Guinea-Bissau,24,3,1,96,1.1,0,0,0,0,0,0,0,0,0,0,0,0,0,2,0,2,1,2
Houboulang Mendes,DF,Guinea-Bissau,24,1,1,90,1,0,0,0,0,0,0,0,0,0,0,0,0,1,0,0,1,1,3
Jonas Mendes,GK,Guinea-Bissau,33,1,1,90,1,0,0,0,0,0,0,0,0,0,0,0,0,0,0,0,0,0,0
Ryan Mendes,"FW,MF",Cape Verde,33,5,5,374,4.2,2,0.48,1,0.24,3,0.72,1,1,1,0.24,1,0,12,7,2,12,1,4
Edouard Mendy,GK,Senegal,30,4,4,390,4.3,0,0,0,0,0,0,0,0,0,0,1,0,1,1,0,0,0,0
Jacob Mendy,DF,Gambia,26,2,2,180,2,0,0,0,0,0,0,0,0,0,0,0,0,3,1,0,1,0,2
Nampalys Mendy,MF,Senegal,30,2,1,102,1.1,0,0,0,0,0,0,0,0,0,0,0,0,4,3,0,2,2,1
Gideon Mensah,DF,Ghana,24,3,3,270,3,0,0,0,0,0,0,0,0,0,0,0,0,6,4,0,4,6,6
Yassine Meriah,DF,Tunisia,29,3,3,270,3,0,0,0,0,0,0,0,0,0,0,0,0,2,3,1,3,3,5
Mexer,DF,Mozambique,34,3,3,270,3,0,0,0,0,0,0,0,0,0,0,1,0,2,4,0,1,4,4
Omenuke Mfulu,"DF,MF",Congo DR,28,2,0,49,0.5,0,0,0,0,0,0,0,0,0,0,0,0,1,0,0,0,2,1
Milson,FW,Angola,23,3,0,32,0.4,0,0,0,0,0,0,0,0,0,0,1,0,1,0,0,0,0,2
Yankuba Minteh,MF,Gambia,18,3,2,201,2.2,0,0,0,0,0,0,0,0,0,0,0,0,3,2,3,4,0,2
Haji Mnoga,"DF,FW",Tanzania,20,3,3,225,2.5,0,0,0,0,0,0,0,0,0,0,0,0,3,2,0,4,1,4
Nyiko Mobbie,"DF,MF",South Africa,28,2,0,63,0.7,0,0,0,0,0,0,0,0,0,0,0,0,0,1,0,2,1,1
Aubrey Modiba,DF,South Africa,27,7,7,690,7.7,0,0,0,0,0,0,0,0,0,0,1,0,6,9,0,11,6,11
Terem Moffi,FW,Nigeria,23,2,0,16,0.2,0,0,0,0,0,0,0,0,0,0,0,0,1,1,0,0,0,0
Mostafa Mohamed,FW,Egypt,25,4,4,390,4.3,4,0.92,0,0,4,0.92,1,1,3,0.69,0,0,4,7,0,1,0,3
Kudus Mohammed,MF,Ghana,22,2,2,178,2,2,1.01,0,0,2,1.01,0,0,2,1.01,0,0,3,6,0,3,0,2
Teboho Mokoena,MF,South Africa,26,7,7,689,7.7,2,0.26,1,0.13,3,0.39,1,1,1,0.13,0,0,15,15,0,31,5,2
Thabang Monare,MF,South Africa,33,4,0,69,0.8,0,0,0,0,0,0,0,0,0,0,0,0,1,0,0,0,2,0
Jamiro Monteiro,MF,Cape Verde,29,5,4,364,4,1,0.25,0,0,1,0.25,0,0,1,0.25,0,0,5,14,3,27,1,6
Steven Moreira,DF,Cape Verde,28,5,4,400,4.4,0,0,0,0,0,0,0,0,0,0,0,0,4,1,0,2,1,6
Thapelo Morena,MF,South Africa,29,6,5,372,4.1,0,0,1,0.24,1,0.24,0,0,0,0,0,0,1,3,1,6,1,3
Ilaix Moriba,MF,Guinea,20,3,3,248,2.8,0,0,0,0,0,0,0,0,0,0,0,0,5,11,0,4,3,4
Harold Moukoudi,DF,Cameroon,25,2,1,91,1,0,0,0,0,0,0,0,0,0,0,1,0,2,0,0,0,0,1
Samuel Moutoussamy,MF,Congo DR,26,7,7,660,7.3,0,0,0,0,0,0,0,0,0,0,0,0,13,3,0,5,3,6
Lionel Mpasi,GK,Congo DR,28,6,6,570,6.3,0,0,0,0,0,0,0,0,0,0,0,0,0,1,0,0,0,0
Youssef Msakni,FW,Tunisia,32,3,2,209,2.3,0,0,0,0,0,0,0,0,0,0,0,0,1,3,0,2,2,1
Saimon Msuva,"MF,FW",Tanzania,29,3,2,228,2.5,1,0.39,0,0,1,0.39,0,0,1,0.39,0,0,4,6,0,0,1,0
Khuliso Mudau,DF,South Africa,27,7,7,627,7,0,0,0,0,0,0,0,0,0,0,0,0,1,14,1,10,9,7
Lawrence Mulenga,GK,Zambia,26,3,3,270,3,0,0,0,0,0,0,0,0,0,0,0,0,0,1,0,0,0,0
Frankie Musonda,DF,Zambia,25,3,3,270,3,0,0,0,0,0,0,0,0,0,0,0,0,1,0,0,0,1,1
Kennedy Musonda,MF,Zambia,28,2,1,85,0.9,0,0,0,0,0,0,0,0,0,0,0,0,1,3,0,1,0,1
Lubambo Musonda,"FW,DF",Zambia,27,3,2,210,2.3,0,0,0,0,0,0,0,0,0,0,0,0,4,1,0,2,3,1
Bethuel Muzeu,MF,Namibia,22,4,2,205,2.3,0,0,1,0.44,1,0.44,0,0,0,0,0,0,2,3,0,4,5,2
Mothobi Mvala,DF,South Africa,28,6,6,600,6.7,0,0,0,0,0,0,0,0,0,0,2,0,7,1,1,1,10,5
Lusajo Mwaikenda,DF,Tanzania,22,2,1,135,1.5,0,0,0,0,0,0,0,0,0,0,0,0,0,1,0,7,3,2
Bakari Mwamnyeto,DF,Tanzania,27,3,3,270,3,0,0,0,0,0,0,0,0,0,0,0,0,1,0,0,0,1,1
Tandi Mwape,DF,Zambia,26,2,2,172,1.9,0,0,0,0,0,0,0,0,0,0,0,0,0,0,0,0,3,2
Obite N'Dicka,DF,Côte d'Ivoire,23,7,7,690,7.7,0,0,0,0,0,0,0,0,0,0,2,0,10,7,0,0,4,2
Georges-Kévin N'Koudou,FW,Cameroon,27,4,4,359,4,0,0,3,0.75,3,0.75,0,0,0,0,1,0,2,17,0,38,0,2
José Nabil,FW,Equ. Guinea,17,1,0,16,0.2,0,0,0,0,0,0,0,0,0,0,0,0,1,0,0,1,0,0
Adamo Nagalo,DF,Burkina Faso,20,2,1,128,1.4,0,0,0,0,0,0,0,0,0,0,1,0,2,2,0,0,1,4
Nanani,DF,Mozambique,26,2,1,103,1.1,0,0,0,0,0,0,0,0,0,0,1,0,3,3,1,8,0,3
Iliman Ndiaye,"FW,MF",Senegal,22,4,0,66,0.7,1,1.36,1,1.36,2,2.73,0,0,1,1.36,0,0,2,1,0,0,2,0
Neblú,GK,Angola,29,4,4,286,3.2,0,0,0,0,0,0,0,0,0,0,1,1,2,1,0,0,0,0
Nené,MF,Mozambique,26,2,1,74,0.8,0,0,0,0,0,0,0,0,0,0,0,0,0,0,0,0,2,2
Yvan Neyou,MF,Cameroon,26,1,1,78,0.9,0,0,0,0,0,0,0,0,0,0,1,0,1,0,0,0,1,1
Moumi Ngamaleu,"MF,FW",Cameroon,28,2,2,158,1.8,0,0,0,0,0,0,0,0,0,0,0,0,1,7,0,8,2,2
Oumar Ngom,FW,Mauritania,18,1,0,24,0.3,0,0,0,0,0,0,0,0,0,0,0,0,1,0,0,0,1,1
Sikou Niakaté,DF,Mali,23,5,5,480,5.3,0,0,0,0,0,0,0,0,0,0,1,0,3,4,1,1,3,2
Youssouf Niakaté,FW,Mali,30,2,1,60,0.7,0,0,0,0,0,0,0,0,0,0,0,0,0,2,2,1,0,0
Moussa Niakhate,DF,Senegal,26,2,2,200,2.2,0,0,0,0,0,0,0,0,0,0,0,0,1,5,0,0,0,0
Babacar Niasse,GK,Mauritania,26,4,4,360,4,0,0,0,0,0,0,0,0,0,0,1,0,1,1,0,0,0,0
Nlavo,FW,Equ. Guinea,21,4,0,32,0.4,0,0,0,0,0,0,0,0,0,0,1,0,2,1,0,0,0,2
Emilio Nsue,FW,Equ. Guinea,33,4,4,340,3.8,5,1.32,0,0,5,1.32,1,0,5,1.32,0,0,6,4,3,1,0,0
Olivier Ntcham,MF,Cameroon,26,4,3,282,3.1,0,0,1,0.32,1,0.32,0,0,0,0,0,0,1,4,0,4,3,3
Ernest Nuamah,FW,Ghana,19,1,0,29,0.3,0,0,0,0,0,0,0,0,0,0,0,0,1,0,0,3,0,0
Stanley Nwabili,GK,Nigeria,26,7,7,649,7.2,0,0,0,0,0,0,0,0,0,0,2,0,0,6,0,0,0,0
Ryan Nyambe,DF,Namibia,25,2,2,162,1.8,0,0,0,0,0,0,0,0,0,0,0,0,2,1,0,1,1,2
Denis Odoi,DF,Ghana,34,3,3,251,2.8,0,0,1,0.36,1,0.36,0,0,0,0,0,0,6,1,0,3,4,4
Richard Ofori,GK,Ghana,29,3,3,270,3,0,0,0,0,0,0,0,0,0,0,0,0,0,1,0,0,0,0
Kenneth Omeruo,DF,Nigeria,29,5,1,114,1.3,0,0,0,0,0,0,0,0,0,0,0,0,2,0,0,0,0,2
André Onana,GK,Cameroon,26,1,1,90,1,0,0,0,0,0,0,0,0,0,0,0,0,0,1,0,0,0,0
Fabrice Ondoa,GK,Cameroon,27,3,3,270,3,0,0,0,0,0,0,0,0,0,0,0,0,0,0,0,0,0,0
Paul Onuachu,FW,Nigeria,28,4,0,6,0.1,0,0,0,0,0,0,0,0,0,0,0,0,4,4,0,0,0,0
Raphael Onyedika,MF,Nigeria,21,1,0,28,0.3,0,0,0,0,0,0,0,0,0,0,0,0,3,0,0,0,0,1
Frank Onyeka,MF,Nigeria,25,7,7,604,6.7,0,0,0,0,0,0,0,0,0,0,2,0,18,13,0,6,10,14
Bright Osayi-Samuel,MF,Nigeria,25,5,2,219,2.4,0,0,0,0,0,0,0,0,0,0,0,0,2,1,1,3,1,1
Victor Osimhen,FW,Nigeria,24,7,7,644,7.2,1,0.14,1,0.14,2,0.28,0,0,1,0.14,0,0,20,15,9,3,0,2
Dango Ouattara,FW,Burkina Faso,20,2,1,104,1.2,0,0,0,0,0,0,0,0,0,0,0,0,1,3,2,8,0,2
Ismahila Ouédraogo,MF,Burkina Faso,23,3,2,207,2.3,0,0,0,0,0,0,0,0,0,0,1,0,4,6,0,0,2,3
Sékou Oumar Sylla,"MF,DF",Guinea,24,4,4,302,3.4,0,0,0,0,0,0,0,0,0,0,0,0,5,10,0,6,2,5
Azzedine Ounahi,MF,Morocco,22,4,4,332,3.7,1,0.27,0,0,1,0.27,0,0,1,0.27,0,0,0,12,0,8,2,1
Adam Ounas,FW,Algeria,26,3,1,102,1.1,0,0,1,0.88,1,0.88,0,0,0,0,0,0,0,3,0,15,0,2
Basilio Owono,DF,Equ. Guinea,24,4,4,360,4,0,0,1,0.25,1,0.25,0,0,0,0,0,0,7,10,0,9,1,5
Jesús Owono,GK,Equ. Guinea,21,4,4,360,4,0,0,1,0.25,1,0.25,0,0,0,0,1,0,0,1,0,0,0,0
Elisha Owusu,MF,Ghana,25,1,0,2,0,0,0,0,0,0,0,0,0,0,0,0,0,0,0,0,0,0,0
Joseph Paintsil,MF,Ghana,24,3,2,108,1.2,0,0,0,0,0,0,0,0,0,0,1,0,5,2,0,2,0,3
Marcell Papama,MF,Namibia,26,1,0,12,0.1,0,0,0,0,0,0,0,0,0,0,0,0,0,0,0,0,0,0
João Paulo,DF,Cape Verde,24,5,4,411,4.6,0,0,0,0,0,0,0,0,0,0,0,0,4,6,0,6,5,5
Bruno Paz,MF,Angola,24,3,2,128,1.4,0,0,0,0,0,0,0,0,0,0,0,0,1,2,0,0,0,2
Faris Pemi Moumbagna,FW,Cameroon,22,4,0,43,0.5,0,0,0,0,0,0,0,0,0,0,0,0,2,0,0,0,0,0
Nicolas Pépé,FW,Côte d'Ivoire,27,5,2,218,2.4,0,0,0,0,0,0,0,0,0,0,0,0,3,5,1,19,2,2
Pepín,"MF,FW",Equ. Guinea,26,4,4,349,3.9,0,0,3,0.77,3,0.77,0,0,0,0,0,0,3,2,0,2,0,1
Aprocius Petrus,MF,Namibia,23,4,4,360,4,0,0,0,0,0,0,0,0,0,0,0,0,10,5,0,6,8,5
Charles Pickel,MF,Congo DR,25,6,6,482,5.4,0,0,0,0,0,0,0,0,0,0,1,0,8,5,0,1,1,2
Pico,DF,Cape Verde,30,4,4,390,4.3,0,0,0,0,0,0,0,0,0,0,0,0,2,5,0,0,2,7
Kevin Pina,MF,Cape Verde,25,5,5,408,4.5,1,0.22,0,0,1,0.22,0,0,1,0.22,2,0,13,5,0,2,0,6
Famana Quizera,MF,Guinea-Bissau,20,1,1,67,0.7,0,0,0,0,0,0,0,0,0,0,0,0,3,2,0,3,0,1
Hamza Rafia,"MF,FW",Tunisia,23,2,2,146,1.6,1,0.62,0,0,1,0.62,0,0,1,0.62,0,0,3,2,0,5,1,2
Stanley Ratifo,FW,Mozambique,28,3,2,128,1.4,0,0,0,0,0,0,0,0,0,0,0,0,1,3,1,0,0,0
Amir Richardson,MF,Morocco,21,1,0,23,0.3,0,0,0,0,0,0,0,0,0,0,0,0,2,0,0,0,1,0
Kenny Rocha Santos,MF,Cape Verde,23,5,2,262,2.9,0,0,0,0,0,0,0,0,0,0,1,0,3,1,0,9,1,2
Garry Rodrigues,"MF,FW",Cape Verde,32,5,2,193,2.1,1,0.47,0,0,1,0.47,0,0,1,0.47,1,0,2,6,0,2,0,1
Mauro Rodrigues,MF,Guinea-Bissau,21,2,2,150,1.7,0,0,0,0,0,0,0,0,0,0,0,0,1,2,0,3,2,2
Mohamed Ali Ben Romdhane,MF,Tunisia,23,3,1,55,0.6,0,0,0,0,0,0,0,0,0,0,0,0,1,1,0,3,0,1
Wendell Rudath,FW,Namibia,27,1,0,18,0.2,0,0,0,0,0,0,0,0,0,0,0,0,0,0,0,0,0,0
Falaye Sacko,DF,Mali,27,4,4,390,4.3,0,0,0,0,0,0,0,0,0,0,0,0,4,6,0,1,4,5
Ismael Saibari,MF,Morocco,22,2,1,98,1.1,0,0,0,0,0,0,0,0,0,0,0,0,1,1,0,3,0,3
Romain Saïss,DF,Morocco,32,3,3,270,3,1,0.33,0,0,1,0.33,0,0,1,0.33,1,0,7,2,1,0,3,1
Fashion Sakala,FW,Zambia,25,3,2,185,2.1,0,0,0,0,0,0,0,0,0,0,0,0,6,2,1,3,0,1
Mohamed Salah,FW,Egypt,30,2,2,134,1.5,1,0.67,1,0.67,2,1.34,1,1,0,0,0,0,1,3,0,4,0,0
Mohammed Salisu,DF,Ghana,23,3,3,270,3,0,0,0,0,0,0,0,0,0,0,0,0,2,1,0,0,2,2
Dramane Salou,MF,Burkina Faso,24,1,0,7,0.1,0,0,0,0,0,0,0,0,0,0,0,0,0,0,0,0,0,0
Feisal Salum,MF,Tanzania,25,3,2,158,1.8,0,0,0,0,0,0,0,0,0,0,0,0,1,5,0,1,1,2
Iván Salvador,MF,Equ. Guinea,27,4,4,335,3.7,1,0.27,0,0,1,0.27,0,0,1,0.27,0,0,8,14,0,8,2,9
Diadie Samassékou,MF,Mali,27,3,2,202,2.2,0,0,1,0.45,1,0.45,0,0,0,0,0,0,4,5,0,1,9,8
Mbwana Samatta,FW,Tanzania,30,3,3,243,2.7,0,0,1,0.37,1,0.37,0,0,0,0,0,0,3,7,0,2,1,4
Mama Samba Baldé,"MF,FW",Guinea-Bissau,27,2,2,146,1.6,0,0,0,0,0,0,0,0,0,0,0,0,2,3,0,0,1,2
Opa Sanganté,DF,Guinea-Bissau,31,2,2,180,2,0,0,0,0,0,0,0,0,0,0,0,0,2,1,0,0,1,1
Gustavo Sangaré,MF,Burkina Faso,26,3,3,259,2.9,0,0,0,0,0,0,0,0,0,0,1,0,6,6,0,3,1,4
Ibrahim Sangaré,MF,Côte d'Ivoire,25,6,4,374,4.2,0,0,0,0,0,0,0,0,0,0,1,0,9,12,1,3,3,4
Bubacarr Sanneh,"DF,MF",Gambia,28,1,0,22,0.2,0,0,0,0,0,0,0,0,0,0,0,0,0,1,0,0,0,0
Muhammed Sanneh,DF,Gambia,22,1,1,90,1,0,0,0,0,0,0,0,0,0,0,1,0,3,0,0,3,1,6
Zaidu Sanusi,"MF,DF",Nigeria,25,6,5,426,4.7,0,0,0,0,0,0,0,0,0,0,1,0,13,6,1,22,6,2
Bamba Sanyang,"FW,MF",Gambia,23,1,0,8,0.1,0,0,0,0,0,0,0,0,0,0,0,0,1,0,0,1,0,0
Ismaila Sarr,FW,Senegal,24,4,4,324,3.6,1,0.28,2,0.56,3,0.83,0,0,1,0.28,0,0,3,11,1,2,0,0
Ahmed Sayed,"FW,MF",Egypt,27,3,3,245,2.7,0,0,0,0,0,0,0,0,0,0,0,0,2,6,1,24,2,1
Abdoulaye Seck,DF,Senegal,30,2,1,100,1.1,1,0.9,0,0,1,0.9,0,0,1,0.9,0,0,1,0,0,1,1,0
Alidu Seidu,DF,Ghana,22,1,0,19,0.2,0,0,0,0,0,0,0,0,0,0,0,0,0,0,0,0,1,0
Alfa Semedo,MF,Guinea-Bissau,25,3,2,178,2,0,0,0,0,0,0,0,0,0,0,0,0,3,4,0,0,3,2
Willy Semedo,DF,Cape Verde,28,5,1,196,2.2,0,0,0,0,0,0,0,0,0,0,0,0,3,2,0,3,0,5
Antoine Semenyo,FW,Ghana,23,3,3,222,2.5,0,0,0,0,0,0,0,0,0,0,0,0,11,0,1,4,0,2
Jean Seri,MF,Côte d'Ivoire,31,4,4,354,3.9,0,0,0,0,0,0,0,0,0,0,1,0,5,8,0,7,6,4
Peter Shalulile,FW,Namibia,30,4,4,359,4,0,0,0,0,0,0,0,0,0,0,0,0,8,10,8,3,2,0
Shaquille,MF,Mozambique,25,2,0,28,0.3,0,0,0,0,0,0,0,0,0,0,0,0,1,0,0,1,0,1
Mohamed El-Shenawy,GK,Egypt,34,3,3,269,3,0,0,0,0,0,0,0,0,0,0,0,0,0,0,0,0,0,0
Petrus Shitembi,MF,Namibia,30,3,2,137,1.5,0,0,0,0,0,0,0,0,0,0,0,0,4,3,0,4,2,4
Show,MF,Angola,23,5,4,387,4.3,0,0,0,0,0,0,0,0,0,0,0,0,14,4,0,1,9,2
Óscar Siafa,FW,Equ. Guinea,25,1,0,13,0.1,0,0,0,0,0,0,0,0,0,0,0,0,1,0,0,0,0,0
Nkosinathi Sibisi,DF,South Africa,27,2,1,94,1,0,0,0,0,0,0,0,0,0,0,0,0,3,1,0,0,1,3
Moses Simon,FW,Nigeria,27,7,5,453,5,0,0,1,0.2,1,0.2,0,0,0,0,1,0,3,6,0,22,3,2
Lassine Sinayoko,FW,Mali,23,5,5,395,4.4,3,0.68,0,0,3,0.68,0,0,3,0.68,1,0,10,9,1,5,0,4
Wilfried Singo,DF,Côte d'Ivoire,22,7,3,351,3.9,0,0,0,0,0,0,0,0,0,0,0,0,1,11,0,14,5,9
Ibrahim Sissoko,"FW,MF",Mali,27,4,0,71,0.8,0,0,0,0,0,0,0,0,0,0,0,0,0,1,0,1,0,0
Sphephelo Sithole,MF,South Africa,23,7,7,665,7.4,0,0,0,0,0,0,0,0,0,0,1,0,16,15,0,0,2,5
Ellyes Skhiri,MF,Tunisia,27,3,3,263,2.9,0,0,0,0,0,0,0,0,0,0,0,0,1,1,0,1,2,5
Islam Slimani,FW,Algeria,34,3,0,56,0.6,0,0,0,0,0,0,0,0,0,0,1,0,1,0,1,0,0,0
Naïm Sliti,"FW,MF",Tunisia,30,1,0,21,0.2,0,0,0,0,0,0,0,0,0,0,0,0,1,1,0,5,0,0
Noah Sonko Sundberg,MF,Gambia,26,1,1,80,0.9,0,0,0,0,0,0,0,0,0,0,0,0,1,0,0,0,1,0
Saidou Sow,DF,Guinea,20,1,1,90,1,0,0,0,0,0,0,0,0,0,0,0,0,1,1,0,0,0,1
Ali Sowe,FW,Gambia,28,3,2,147,1.6,0,0,0,0,0,0,0,0,0,0,1,0,1,1,1,0,0,0
Bassem Srarfi,"FW,MF",Tunisia,25,2,0,14,0.2,0,0,0,0,0,0,0,0,0,0,0,0,0,0,0,0,0,0
Stoppila Sunzu,DF,Zambia,33,3,3,270,3,0,0,0,0,0,0,0,0,0,0,0,0,3,3,1,0,3,3
Issiaga Sylla,DF,Guinea,29,5,4,361,4,0,0,0,0,0,0,0,0,0,0,0,0,6,1,0,14,7,5
Montassar Talbi,DF,Tunisia,24,3,3,270,3,0,0,0,0,0,0,0,0,0,0,0,0,3,1,0,0,5,3
Hemeya Tanji,MF,Mauritania,24,3,2,130,1.4,0,0,0,0,0,0,0,0,0,0,0,0,1,1,0,1,1,5
Abdoul-Fessal Tapsoba,"MF,FW",Burkina Faso,21,4,2,188,2.1,0,0,1,0.48,1,0.48,0,0,0,0,2,0,6,1,1,4,0,3
Edmond Tapsoba,DF,Burkina Faso,23,4,4,360,4,0,0,0,0,0,0,0,0,0,0,1,0,4,3,1,1,1,2
Percy Tau,MF,South Africa,28,6,6,564,6.3,1,0.16,0,0,1,0.16,2,1,0,0,0,0,11,4,1,11,2,7
Dylan Tavares,DF,Cape Verde,26,1,1,90,1,0,0,0,0,0,0,0,0,0,0,0,0,2,1,0,1,2,0
Junior Tchamadeu,"DF,MF",Cameroon,19,2,0,17,0.2,0,0,0,0,0,0,0,0,0,0,0,0,0,0,0,2,0,0
Marciano Tchami,FW,Guinea-Bissau,18,2,0,73,0.8,0,0,0,0,0,0,0,0,0,0,0,0,1,2,0,5,1,2
Enzo Tchato,"MF,DF",Cameroon,20,3,2,184,2,0,0,0,0,0,0,0,0,0,0,0,0,4,1,0,12,1,4
Bryan Teixeira,FW,Cape Verde,22,2,0,30,0.3,1,3,0,0,1,3,0,0,1,3,0,0,0,0,0,0,0,1
Idrissa Thiam,MF,Mauritania,22,2,2,138,1.5,0,0,0,0,0,0,0,0,0,0,0,0,5,3,0,8,1,2
Jean Thierry Lazare,MF,Côte d'Ivoire,24,2,0,31,0.3,0,0,0,0,0,0,0,0,0,0,0,0,0,3,0,1,1,1
Tarik Tissoudali,"FW,MF",Morocco,29,1,0,18,0.2,0,0,0,0,0,0,0,0,0,0,0,0,0,0,0,0,0,0
Prins Tjiueza,MF,Namibia,20,4,4,245,2.7,0,0,0,0,0,0,0,0,0,0,0,0,7,7,1,9,1,3
Karl Toko Ekambi,FW,Cameroon,30,3,3,269,3,1,0.33,0,0,1,0.33,0,0,1,0.33,0,0,0,3,1,2,0,0
Nouhou Tolo,"DF,MF",Cameroon,25,3,3,270,3,0,0,0,0,0,0,0,0,0,0,0,0,2,7,0,4,2,2
Ibou Touray,DF,Gambia,28,1,1,74,0.8,0,0,0,0,0,0,0,0,0,0,0,0,0,1,0,1,0,1
Abdoulaye Touré,MF,Guinea,28,2,1,122,1.4,0,0,0,0,0,0,0,0,0,0,0,0,2,2,0,0,2,2
Blati Touré,MF,Burkina Faso,28,3,3,270,3,0,0,0,0,0,0,0,0,0,0,2,0,6,4,0,1,2,1
Adama Traoré,FW,Mali,27,3,2,145,1.6,0,0,0,0,0,0,1,0,0,0,1,0,1,4,1,3,1,0
Bertrand Traoré,"MF,FW",Burkina Faso,27,4,2,196,2.2,3,1.38,0,0,3,1.38,3,3,0,0,0,0,2,7,0,8,0,1
Boubacar Traoré,MF,Mali,21,3,0,37,0.4,0,0,0,0,0,0,0,0,0,0,0,0,2,0,0,0,0,3
Hamari Traoré,DF,Mali,31,5,5,479,5.3,1,0.19,1,0.19,2,0.38,0,0,1,0.19,0,1,6,3,0,15,4,6
Trézéguet,"MF,FW",Egypt,28,4,2,215,2.4,1,0.42,2,0.84,3,1.26,0,0,1,0.42,0,0,3,2,1,5,2,2
William Troost-Ekong,DF,Nigeria,29,6,6,570,6.3,3,0.47,0,0,3,0.47,2,2,1,0.16,1,0,7,1,1,0,6,3
Aaron Tshibola,MF,Congo DR,28,6,1,140,1.6,0,0,0,0,0,0,0,0,0,0,1,0,6,1,0,0,1,3
Zé Turbo,FW,Guinea-Bissau,26,3,0,53,0.6,1,1.7,0,0,1,1.7,0,0,1,1.7,0,0,3,2,0,0,0,0
Francis Uzoho,GK,Nigeria,24,1,0,11,0.1,0,0,0,0,0,0,0,0,0,0,0,0,0,0,0,0,0,0
Kévin Van Den Kerkhof,"DF,MF",Algeria,26,2,0,20,0.2,0,0,0,0,0,0,0,0,0,0,0,0,0,0,0,3,0,1
Gildo Vilanculos,MF,Mozambique,28,3,1,88,1,0,0,0,0,0,0,0,0,0,0,0,0,0,0,0,8,1,2
Vozinha,GK,Cape Verde,36,5,5,480,5.3,0,0,0,0,0,0,0,0,0,0,0,0,0,2,0,0,0,0
Iñaki Williams,FW,Ghana,28,3,1,103,1.1,0,0,0,0,0,0,0,0,0,0,0,0,2,0,1,0,0,1
Ronwen Williams,GK,South Africa,31,7,7,690,7.7,0,0,0,0,0,0,0,0,0,0,0,0,0,4,0,0,0,0
Yoane Wissa,MF,Congo DR,26,7,6,531,5.9,2,0.34,0,0,2,0.34,1,1,1,0.17,0,0,8,16,2,10,2,6
Witi,"MF,FW",Mozambique,26,3,3,185,2.1,1,0.49,0,0,1,0.49,0,0,1,0.49,0,0,2,4,0,5,0,1
Christopher Wooh,DF,Cameroon,21,4,4,344,3.8,1,0.26,0,0,1,0.26,0,0,1,0.26,1,0,9,2,0,0,4,1
Siyanda Xulu,DF,South Africa,31,3,3,255,2.8,0,0,0,0,0,0,0,0,0,0,1,0,1,1,0,0,2,1
Steeve Yago,DF,Burkina Faso,30,4,3,240,2.7,0,0,0,0,0,0,0,0,0,0,0,0,5,3,0,0,2,4
Mudathiri Yahya,MF,Tanzania,27,2,1,66,0.7,0,0,0,0,0,0,0,0,0,0,0,0,3,0,0,0,0,0
Taha Yassine Khenissi,FW,Tunisia,31,1,1,14,0.2,0,0,0,0,0,0,0,0,0,0,0,0,1,0,0,0,0,1
Mzamiru Yassini,MF,Tanzania,27,2,1,110,1.2,0,0,0,0,0,0,0,0,0,0,0,0,2,2,0,0,3,0
Darlin Yongwa,"MF,DF",Cameroon,22,2,2,169,1.9,0,0,0,0,0,0,0,0,0,0,0,0,4,1,0,9,1,2
Alhassan Yusuf,MF,Nigeria,22,4,1,149,1.7,0,0,0,0,0,0,0,0,0,0,0,0,10,3,0,3,1,2
Andre-Frank Zambo Anguissa,MF,Cameroon,27,4,4,360,4,0,0,0,0,0,0,0,0,0,0,0,0,9,6,0,1,2,5
Ramiz Zerrouki,MF,Algeria,24,3,2,199,2.2,0,0,0,0,0,0,0,0,0,0,0,0,7,1,0,1,5,1
Zine,MF,Angola,20,5,1,143,1.6,1,0.63,0,0,1,0.63,0,0,1,0.63,0,0,5,1,0,1,0,3
Hakim Ziyech,FW,Morocco,29,3,3,197,2.2,1,0.46,1,0.46,2,0.91,0,0,1,0.46,1,0,2,4,0,12,3,0
Themba Zwane,"MF,FW",South Africa,33,7,7,511,5.7,2,0.35,1,0.18,3,0.53,0,0,2,0.35,0,0,8,8,1,0,2,2
